fold,accuracy,auc,loss,precision,recall
1,0.25797414779663086,0.5422005653381348,0.4466029703617096,0.3094561994075775,0.2807052433490753
2,0.2608974277973175,0.5307624340057373,0.444484144449234,0.31288909912109375,0.26887258887290955
3,0.26058143377304077,0.504046618938446,0.44506239891052246,0.30589497089385986,0.2827422320842743
4,0.25679758191108704,0.5014135241508484,0.447193443775177,0.3081570863723755,0.283052533864975
