fold,accuracy,auc,loss,precision,recall
1,0.25797414779663086,0.5000956654548645,0.4472496807575226,0.316372346055,0.28294035726381
2,0.2606837749481201,0.4994634687900543,0.44536957144737244,0.3068927615063413,0.29726396254
3,0.26058143377304077,0.5,0.4450889825820923,0.3052586615085602,0.2829403579235077
4,0.25679758191108704,0.5,0.44719967246055603,0.3081570863723755,0.283052533864975
